"Drunk, Stoned & Stupid"
Dutch Blitz
"Eclipse
Elder Sign"
Electronic Taboo
Electronic Trivial Pursuit
"Elefun
Evolution"
Exploding Kittens
Exploding Kittens Nsfw
"Fact Or Crap
Fame Us"
Farkle
"Feudality
Five Crowns
Five Tribes"
Fluxx
Fluxx Zombie
Forbidden Island
Four Real
Francis Drake
"Funemployed
Game Night in a Can"
Game of Real Life
"Game of Things
Game of Naughty Things"
"The Game of Thrones
Game of Thrones Guess Who"
Game of Thones: The Card Game
"Geek Battle
Gentlemen Thieves"
"Good Cop, Bad Cop"
Guess Who
Guesstimation
Guesstures
"Hearts of Attraction
Hedbanz
Here Kitty, Kitty"
Hi Ho Cherryo
"Hidden Agenda & Hostile Intent
Hiss"
"Hot Seat
Hotel Tycoon"
Hungry Hungry Hippos
"Hungry, Hungry Heros"
"Imaginiff
Imploding Kittens"
In A Pickle
Isla Dorada
"Jamaica
Jenga"
Joomba
Jumanji
Kalua
"King of New York
King of Tokyo"
Krackades
"La Isla
Lanterns
Last Night On Earth
Leaders of Euphoria"
"Life
Life – Twists & Turns"
Line Up
Linkity
Life (Card Game)
Loaded Questions
Logo
"Logo Party
Lost Cities
Love Letter"
Machi Koro
Mad Gab
Mafia: Vendetta
Magic The Gathering
Magic The Gathering: The Board Game
Mall Madness
"Marry, Date Or Dump"
"Mars Attacks
Mars Attacks: Dice Game"
Mobscenity
Monopoly
"Monopoly Deal
Monopoly Gamer"
"Mousetrap
Mr. Lister’s Quiz Shootout
Mr. Toast"
Munchkin
"Munchkin Panic
Munchkin Pathfinder"
Munchkin Quest
Munchkin Star
"Munchkin Zombies
Munchkin Loot Letter
Munchkin Steampunk
Mysterium"
"New York 1901
Night Of The Grand Octopus"
Nintendeo (Nes)
Nintendo (Wii)
Nox
"One Night Ultimate Vampire
Operation"
Operation: Brain Surgery
"Oregon Trail
Origins"
Outburst
"Pandemic
Pandemic: Cthulu"
Panic Station
Phase 10
Pictionary
Pictionary Man
Picture It!
Pirates Of The Carribbean Life
Provincia Romana
Puerto Rico
"QBitz
Quelf"
Qwirkle
"Red Dragon Inn
Red Dragon Inn 2
Red Dragon Inn 3
Red Flags (w/ Expansion)
Relic Hunters
Resistance"
"Revolver Complete Bundle
Rise of Augustus"
Risk
Risk 2210
Risk: Got Edition
Risk: Lotr Edition
"Robots
Rock’Em Sock’Em Robots"
Rockstar Life
"ROFL!
Rory’s Story Cubes"
"Rummikub
Rumble in the Dungeon
Samurai Spirit
Say Anything"
Scattergories
Scrabble
Scrimish
Scramble
Scruples
Sequence
"Settlers of Catan
Settlers of Catan: The Dice Game
Sheriff of Nottingham"
"Simon’s Cat
Skipbo"
"Slamwich
Smallworld
Smashup"
Smart Mouth
Sneaks
Sorry
"Sort It Out
Space Cadets"
Space Sheep
Speedy Recall
"Spot It
Spyfall
Stack Market"
Star Wars – X Wing Miniatures Game
"Steam Torpedo
Stratego
Suburbia"
Superfight
"Sushigo
Suspend"
Taboo
Taboo: Buzz’D
"Tales Of Arabian Knights
Tapple"
"Telestrations
Tetris Link
That’s What She Said"
Think Again
"This & That
Ticked Off"
Ticket to Ride
"Ticket to Ride Europe
Ticket to Ride: The Card Game"
"Time ‘N’ Space
Toc Toc Woodman"
Topple
"Train of Thought
Trailer Park Wars
Treasure Hunter"
Tribond
Trivial Pursuit: Hints
Trouble
"Truth Or Dare
Truth or Dare Jenga"
Twister
Ultimate Werewolf
"Uncharted
Uno"
"Urban Myth
Utter Nonsense"
Voodoo Mania
Voting Game
"Walking Dead: Bang!
The Walking Dead Board Game
The Walking Dead: The Board Game (Z-Man Games Edition)"
Warriors & Traders
We Didn’t Playtest This At All
"What Do You Meme?
What’s Yours Like?
Wits & Wagers
Word on the Street"
World Of Warcraft: The Board Game
Worst Case Scenario
"Yahtzee
XCOM: The Board Game"
Zombicide
Zombicide: Black Plague